,precision,recall,f1-score,support
0,0.9974489795918368,0.9824120603015075,0.9898734177215189,398.0
1,0.72,0.9473684210526315,0.8181818181818181,19.0
accuracy,0.9808153477218226,0.9808153477218226,0.9808153477218226,0.9808153477218226
macro avg,0.8587244897959183,0.9648902406770695,0.9040276179516685,417.0
weighted avg,0.984807419370626,0.9808153477218226,0.9820505390854175,417.0
