,precision,recall,f1-score,support
0,1.0,0.9874371859296482,0.9936788874841972,398.0
1,0.7916666666666666,1.0,0.8837209302325582,19.0
accuracy,0.988009592326139,0.988009592326139,0.988009592326139,0.988009592326139
macro avg,0.8958333333333333,0.9937185929648241,0.9386999088583776,417.0
weighted avg,0.9905075939248602,0.988009592326139,0.9886688126933552,417.0
